[
  {
    "id": 1,
    "adress": "18306 Morningstar Street",
    "BoilersID": 1,
    "fullName": "Rempel, Shields and Renner",
    "phone": "(621) 7713961"
  },
  {
    "id": 2,
    "adress": "56 Forest Dale Trail",
    "BoilersID": 2,
    "fullName": "Cole, Murphy and Witting",
    "phone": "(518) 6424599"
  },
  {
    "id": 3,
    "adress": "0258 Gerald Circle",
    "BoilersID": 3,
    "fullName": "Jacobs-MacGyver",
    "phone": "(278) 5454471"
  },
  {
    "id": 4,
    "adress": "38179 3rd Crossing",
    "BoilersID": 4,
    "fullName": "Feil-Cassin",
    "phone": "(697) 3549823"
  },
  {
    "id": 5,
    "adress": "54 Oriole Crossing",
    "BoilersID": 5,
    "fullName": "Collier Group",
    "phone": "(500) 4571818"
  },
  {
    "id": 6,
    "adress": "79 Dayton Center",
    "BoilersID": 6,
    "fullName": "Lemke-Lehner",
    "phone": "(342) 7716161"
  },
  {
    "id": 7,
    "adress": "71108 Sunnyside Alley",
    "BoilersID": 7,
    "fullName": "Larkin Group",
    "phone": "(757) 9702390"
  },
  {
    "id": 8,
    "adress": "19 Barby Road",
    "BoilersID": 8,
    "fullName": "Farrell-Cruickshank",
    "phone": "(227) 7020780"
  },
  {
    "id": 9,
    "adress": "67 Sugar Circle",
    "BoilersID": 9,
    "fullName": "Lebsack, Weimann and Wiza",
    "phone": "(427) 8147564"
  },
  {
    "id": 10,
    "adress": "41063 Dawn Alley",
    "BoilersID": 10,
    "fullName": "Grant LLC",
    "phone": "(663) 9170214"
  },
  {
    "id": 11,
    "adress": "977 Basil Road",
    "BoilersID": 11,
    "fullName": "Bernier, Leuschke and Little",
    "phone": "(257) 8939475"
  },
  {
    "id": 12,
    "adress": "25 Orin Terrace",
    "BoilersID": 12,
    "fullName": "Keeling-Zemlak",
    "phone": "(643) 1868799"
  },
  {
    "id": 13,
    "adress": "8 Shoshone Center",
    "BoilersID": 13,
    "fullName": "Bartell Group",
    "phone": "(960) 7988563"
  },
  {
    "id": 14,
    "adress": "96 Anderson Junction",
    "BoilersID": 14,
    "fullName": "Collier, Terry and Conroy",
    "phone": "(520) 1084366"
  },
  {
    "id": 15,
    "adress": "21742 Victoria Lane",
    "BoilersID": 15,
    "fullName": "Tromp, Funk and Powlowski",
    "phone": "(763) 2760599"
  },
  {
    "id": 16,
    "adress": "0850 Kennedy Drive",
    "BoilersID": 16,
    "fullName": "Waelchi, Glover and Lemke",
    "phone": "(647) 4427887"
  },
  {
    "id": 17,
    "adress": "81 Texas Street",
    "BoilersID": 17,
    "fullName": "Swaniawski, Mosciski and Goldner",
    "phone": "(883) 2056999"
  },
  {
    "id": 18,
    "adress": "1491 Dapin Center",
    "BoilersID": 18,
    "fullName": "Spencer, Maggio and Reinger",
    "phone": "(323) 1602000"
  },
  {
    "id": 19,
    "adress": "4 Weeping Birch Circle",
    "BoilersID": 19,
    "fullName": "Shanahan, Heaney and Kertzmann",
    "phone": "(155) 6332164"
  },
  {
    "id": 20,
    "adress": "6879 Garrison Terrace",
    "BoilersID": 20,
    "fullName": "Hammes Group",
    "phone": "(841) 3742233"
  },
  {
    "id": 21,
    "adress": "18 Bayside Circle",
    "BoilersID": 21,
    "fullName": "Ankunding, Nader and Carroll",
    "phone": "(987) 7523309"
  },
  {
    "id": 22,
    "adress": "657 Glacier Hill Drive",
    "BoilersID": 22,
    "fullName": "Kirlin Inc",
    "phone": "(384) 1588727"
  },
  {
    "id": 23,
    "adress": "5031 Delaware Terrace",
    "BoilersID": 23,
    "fullName": "Bayer, Heathcote and Ritchie",
    "phone": "(198) 1733786"
  },
  {
    "id": 24,
    "adress": "22636 Kropf Parkway",
    "BoilersID": 24,
    "fullName": "Wiza, Morar and Watsica",
    "phone": "(886) 6287085"
  },
  {
    "id": 25,
    "adress": "27 Iowa Lane",
    "BoilersID": 25,
    "fullName": "Cole, Schamberger and Marks",
    "phone": "(802) 8460724"
  },
  {
    "id": 26,
    "adress": "755 Grasskamp Circle",
    "BoilersID": 26,
    "fullName": "Klocko-Parisian",
    "phone": "(220) 7248413"
  },
  {
    "id": 27,
    "adress": "65843 Glacier Hill Park",
    "BoilersID": 27,
    "fullName": "Cole, Schultz and Rempel",
    "phone": "(516) 2666073"
  },
  {
    "id": 28,
    "adress": "1 Vermont Junction",
    "BoilersID": 28,
    "fullName": "Rolfson-White",
    "phone": "(853) 4480686"
  },
  {
    "id": 29,
    "adress": "656 Heath Plaza",
    "BoilersID": 29,
    "fullName": "Green-Leuschke",
    "phone": "(856) 6804717"
  },
  {
    "id": 30,
    "adress": "81885 Pine View Way",
    "BoilersID": 30,
    "fullName": "Hauck, Lebsack and Bayer",
    "phone": "(139) 9791332"
  },
  {
    "id": 31,
    "adress": "5729 Oak Circle",
    "BoilersID": 31,
    "fullName": "Kris-Torphy",
    "phone": "(608) 4375913"
  },
  {
    "id": 32,
    "adress": "9 High Crossing Way",
    "BoilersID": 32,
    "fullName": "Boyer-Green",
    "phone": "(564) 7786555"
  },
  {
    "id": 33,
    "adress": "1007 Fuller Plaza",
    "BoilersID": 33,
    "fullName": "Erdman-Hamill",
    "phone": "(950) 6097286"
  },
  {
    "id": 34,
    "adress": "91 Aberg Lane",
    "BoilersID": 34,
    "fullName": "Dare, Oberbrunner and Hahn",
    "phone": "(141) 9886872"
  },
  {
    "id": 35,
    "adress": "0644 Mockingbird Crossing",
    "BoilersID": 35,
    "fullName": "Ferry Inc",
    "phone": "(218) 5462826"
  },
  {
    "id": 36,
    "adress": "4597 Miller Junction",
    "BoilersID": 36,
    "fullName": "Cummings Group",
    "phone": "(533) 7200130"
  },
  {
    "id": 37,
    "adress": "804 Crest Line Lane",
    "BoilersID": 37,
    "fullName": "O'Kon-Brown",
    "phone": "(989) 3892806"
  },
  {
    "id": 38,
    "adress": "78959 Carberry Hill",
    "BoilersID": 38,
    "fullName": "Hoeger Group",
    "phone": "(579) 9043371"
  },
  {
    "id": 39,
    "adress": "5 Eggendart Avenue",
    "BoilersID": 39,
    "fullName": "Kreiger, Mills and Mohr",
    "phone": "(850) 3667260"
  },
  {
    "id": 40,
    "adress": "5 Toban Alley",
    "BoilersID": 40,
    "fullName": "Donnelly, Rowe and Nicolas",
    "phone": "(165) 4423112"
  },
  {
    "id": 41,
    "adress": "8180 Nova Drive",
    "BoilersID": 41,
    "fullName": "Glover, Romaguera and Parker",
    "phone": "(107) 7937169"
  },
  {
    "id": 42,
    "adress": "8 Dunning Drive",
    "BoilersID": 42,
    "fullName": "Turcotte-Volkman",
    "phone": "(265) 4343267"
  },
  {
    "id": 43,
    "adress": "442 Hanson Junction",
    "BoilersID": 43,
    "fullName": "Streich-Hirthe",
    "phone": "(596) 7773005"
  },
  {
    "id": 44,
    "adress": "04637 Jenifer Park",
    "BoilersID": 44,
    "fullName": "Kunde and Sons",
    "phone": "(597) 3111080"
  },
  {
    "id": 45,
    "adress": "57506 Hoard Pass",
    "BoilersID": 45,
    "fullName": "Macejkovic, West and White",
    "phone": "(472) 6031047"
  },
  {
    "id": 46,
    "adress": "8 International Trail",
    "BoilersID": 46,
    "fullName": "White-Welch",
    "phone": "(304) 4558000"
  },
  {
    "id": 47,
    "adress": "06 Delladonna Parkway",
    "BoilersID": 47,
    "fullName": "Leffler Inc",
    "phone": "(280) 4705440"
  },
  {
    "id": 48,
    "adress": "79395 Eastwood Drive",
    "BoilersID": 48,
    "fullName": "O'Conner-Heller",
    "phone": "(646) 7803272"
  },
  {
    "id": 49,
    "adress": "12 Village Crossing",
    "BoilersID": 49,
    "fullName": "Beatty-Bernier",
    "phone": "(941) 6223677"
  },
  {
    "id": 50,
    "adress": "179 Harper Avenue",
    "BoilersID": 50,
    "fullName": "Pfeffer Inc",
    "phone": "(251) 5035079"
  }
]
