[
  {
    "id": 1,
    "firstName": "Early",
    "lastName": "Rapkins",
    "email": "erapkins0@japanpost.jp",
    "typelds": [1, 2, 3],
    "skillsId": [914378, 98226, 389161, 267845, 224175, 920208],
    "hour_rate": "$49.16",
    "daily_capacity": 2
  },
  {
    "id": 2,
    "firstName": "Field",
    "lastName": "Sayton",
    "email": "fsayton1@friendfeed.com",
    "typelds": [3, 1, 2],
    "skillsId": [768020, 183701, 663808, 515479, 32387, 447425],
    "hour_rate": "$45.04",
    "daily_capacity": 8
  },
  {
    "id": 3,
    "firstName": "Halsy",
    "lastName": "Salsbury",
    "email": "hsalsbury2@typepad.com",
    "typelds": [1, 3, 3],
    "skillsId": [265438, 944518, 36993, 400225, 888357, 803714],
    "hour_rate": "$23.77",
    "daily_capacity": 8
  },
  {
    "id": 4,
    "firstName": "Carri",
    "lastName": "Bartoleyn",
    "email": "cbartoleyn3@arstechnica.com",
    "typelds": [1, 2, 2],
    "skillsId": [498144, 291351, 482582, 528448, 578024, 580803],
    "hour_rate": "$5.55",
    "daily_capacity": 5
  },
  {
    "id": 5,
    "firstName": "Early",
    "lastName": "Woodbridge",
    "email": "ewoodbridge4@cnet.com",
    "typelds": [3, 3, 3],
    "skillsId": [43394, 48199, 629004, 661450, 145187, 162766],
    "hour_rate": "$9.95",
    "daily_capacity": 6
  },
  {
    "id": 6,
    "firstName": "Justinn",
    "lastName": "Brands",
    "email": "jbrands5@mapy.cz",
    "typelds": [3, 1, 2],
    "skillsId": [388381, 533659, 78665, 593620, 964472, 286410],
    "hour_rate": "$6.51",
    "daily_capacity": 6
  },
  {
    "id": 7,
    "firstName": "Bonita",
    "lastName": "Cordsen",
    "email": "bcordsen6@cyberchimps.com",
    "typelds": [3, 3, 2],
    "skillsId": [171625, 940307, 743529, 433424, 228016, 408745],
    "hour_rate": "$1.17",
    "daily_capacity": 5
  },
  {
    "id": 8,
    "firstName": "Julee",
    "lastName": "Hirth",
    "email": "jhirth7@smh.com.au",
    "typelds": [3, 1, 1],
    "skillsId": [175498, 248718, 214335, 40984, 490117, 366181],
    "hour_rate": "$26.27",
    "daily_capacity": 8
  },
  {
    "id": 9,
    "firstName": "Betteanne",
    "lastName": "Belbin",
    "email": "bbelbin8@state.tx.us",
    "typelds": [3, 3, 3],
    "skillsId": [828788, 524741, 771009, 83830, 318921, 460520],
    "hour_rate": "$24.10",
    "daily_capacity": 4
  },
  {
    "id": 10,
    "firstName": "Cherilynn",
    "lastName": "Keyser",
    "email": "ckeyser9@deliciousdays.com",
    "typelds": [3, 3, 2],
    "skillsId": [939601, 718324, 538540, 604033, 791674, 740554],
    "hour_rate": "$28.34",
    "daily_capacity": 0
  },
  {
    "id": 11,
    "firstName": "Holly",
    "lastName": "Bethel",
    "email": "hbethela@cbsnews.com",
    "typelds": [2, 3, 2],
    "skillsId": [756324, 190585, 106469, 626787, 58565, 629797],
    "hour_rate": "$32.29",
    "daily_capacity": 5
  },
  {
    "id": 12,
    "firstName": "Merralee",
    "lastName": "Hunsworth",
    "email": "mhunsworthb@youtu.be",
    "typelds": [1, 1, 1],
    "skillsId": [387810, 352037, 727880, 605421, 812101, 641930],
    "hour_rate": "$40.81",
    "daily_capacity": 5
  },
  {
    "id": 13,
    "firstName": "Adina",
    "lastName": "Nayer",
    "email": "anayerc@google.co.uk",
    "typelds": [3, 2, 3],
    "skillsId": [954929, 53848, 115026, 187485, 977161, 809398],
    "hour_rate": "$36.89",
    "daily_capacity": 2
  },
  {
    "id": 14,
    "firstName": "Natty",
    "lastName": "Ties",
    "email": "ntiesd@cafepress.com",
    "typelds": [2, 2, 3],
    "skillsId": [888951, 157315, 872079, 482532, 513656, 11107],
    "hour_rate": "$20.16",
    "daily_capacity": 3
  },
  {
    "id": 15,
    "firstName": "Gerardo",
    "lastName": "Shillitoe",
    "email": "gshillitoee@theglobeandmail.com",
    "typelds": [2, 3, 1],
    "skillsId": [325714, 428297, 856267, 109460, 344880, 588114],
    "hour_rate": "$9.00",
    "daily_capacity": 7
  },
  {
    "id": 16,
    "firstName": "Brenna",
    "lastName": "Kumaar",
    "email": "bkumaarf@angelfire.com",
    "typelds": [1, 2, 1],
    "skillsId": [619751, 711972, 144362, 455430, 141325, 337029],
    "hour_rate": "$25.20",
    "daily_capacity": 4
  },
  {
    "id": 17,
    "firstName": "Templeton",
    "lastName": "Maccari",
    "email": "tmaccarig@zimbio.com",
    "typelds": [1, 1, 2],
    "skillsId": [861167, 885621, 442395, 761048, 661761, 835327],
    "hour_rate": "$33.58",
    "daily_capacity": 8
  },
  {
    "id": 18,
    "firstName": "Leonanie",
    "lastName": "Muirden",
    "email": "lmuirdenh@virginia.edu",
    "typelds": [1, 3, 1],
    "skillsId": [283157, 628804, 766195, 740548, 527999, 597990],
    "hour_rate": "$21.29",
    "daily_capacity": 8
  },
  {
    "id": 19,
    "firstName": "Auroora",
    "lastName": "Debnam",
    "email": "adebnami@1und1.de",
    "typelds": [2, 1, 3],
    "skillsId": [816147, 764548, 462696, 853798, 69670, 590293],
    "hour_rate": "$44.18",
    "daily_capacity": 4
  },
  {
    "id": 20,
    "firstName": "Ludovika",
    "lastName": "Serris",
    "email": "lserrisj@seesaa.net",
    "typelds": [1, 2, 3],
    "skillsId": [197080, 447483, 547021, 828918, 101231, 379898],
    "hour_rate": "$7.33",
    "daily_capacity": 8
  },
  {
    "id": 21,
    "firstName": "Myrle",
    "lastName": "Swayne",
    "email": "mswaynek@cdbaby.com",
    "typelds": [2, 2, 2],
    "skillsId": [939915, 137614, 282906, 265488, 77199, 878434],
    "hour_rate": "$49.20",
    "daily_capacity": 3
  },
  {
    "id": 22,
    "firstName": "Theodoric",
    "lastName": "Marvell",
    "email": "tmarvelll@weather.com",
    "typelds": [1, 2, 1],
    "skillsId": [44218, 265707, 582182, 288470, 391245, 165251],
    "hour_rate": "$3.17",
    "daily_capacity": 1
  },
  {
    "id": 23,
    "firstName": "Mayer",
    "lastName": "McLemon",
    "email": "mmclemonm@youtube.com",
    "typelds": [1, 2, 3],
    "skillsId": [113305, 520242, 352640, 374168, 443082, 687033],
    "hour_rate": "$36.99",
    "daily_capacity": 8
  },
  {
    "id": 24,
    "firstName": "Archy",
    "lastName": "Le Breton",
    "email": "alebretonn@newsvine.com",
    "typelds": [3, 3, 2],
    "skillsId": [216329, 202988, 143908, 767167, 991358, 750052],
    "hour_rate": "$8.25",
    "daily_capacity": 5
  },
  {
    "id": 25,
    "firstName": "Stacey",
    "lastName": "Delort",
    "email": "sdelorto@thetimes.co.uk",
    "typelds": [1, 3, 1],
    "skillsId": [887749, 430668, 752715, 649344, 432616, 806719],
    "hour_rate": "$21.56",
    "daily_capacity": 3
  },
  {
    "id": 26,
    "firstName": "Lishe",
    "lastName": "Veevers",
    "email": "lveeversp@xing.com",
    "typelds": [3, 1, 3],
    "skillsId": [523006, 954464, 292154, 763189, 533670, 688878],
    "hour_rate": "$28.75",
    "daily_capacity": 1
  },
  {
    "id": 27,
    "firstName": "Philip",
    "lastName": "Priestley",
    "email": "ppriestleyq@independent.co.uk",
    "typelds": [1, 2, 1],
    "skillsId": [919211, 209873, 255082, 197761, 883616, 291475],
    "hour_rate": "$39.47",
    "daily_capacity": 8
  },
  {
    "id": 28,
    "firstName": "Noelyn",
    "lastName": "Netti",
    "email": "nnettir@dion.ne.jp",
    "typelds": [2, 3, 2],
    "skillsId": [823241, 878863, 820231, 731039, 681333, 837134],
    "hour_rate": "$24.79",
    "daily_capacity": 3
  },
  {
    "id": 29,
    "firstName": "Lexine",
    "lastName": "Smitham",
    "email": "lsmithams@netvibes.com",
    "typelds": [1, 1, 2],
    "skillsId": [760538, 725962, 232709, 433849, 188741, 56606],
    "hour_rate": "$42.11",
    "daily_capacity": 5
  },
  {
    "id": 30,
    "firstName": "Gayle",
    "lastName": "Charker",
    "email": "gcharkert@gov.uk",
    "typelds": [3, 1, 3],
    "skillsId": [474965, 179299, 863404, 403726, 114052, 541420],
    "hour_rate": "$7.25",
    "daily_capacity": 1
  },
  {
    "id": 31,
    "firstName": "Hester",
    "lastName": "Woodberry",
    "email": "hwoodberryu@comcast.net",
    "typelds": [1, 1, 1],
    "skillsId": [552708, 66064, 768433, 945641, 562374, 176870],
    "hour_rate": "$30.98",
    "daily_capacity": 0
  },
  {
    "id": 32,
    "firstName": "Fabian",
    "lastName": "Schoenrock",
    "email": "fschoenrockv@fema.gov",
    "typelds": [3, 1, 2],
    "skillsId": [420714, 783317, 40199, 408523, 665062, 142801],
    "hour_rate": "$28.21",
    "daily_capacity": 3
  },
  {
    "id": 33,
    "firstName": "Lyssa",
    "lastName": "Vine",
    "email": "lvinew@hc360.com",
    "typelds": [3, 1, 2],
    "skillsId": [84563, 334058, 680078, 340775, 824236, 568190],
    "hour_rate": "$9.46",
    "daily_capacity": 4
  },
  {
    "id": 34,
    "firstName": "Rhoda",
    "lastName": "Janak",
    "email": "rjanakx@usa.gov",
    "typelds": [2, 2, 1],
    "skillsId": [102099, 265504, 862154, 892525, 89832, 748714],
    "hour_rate": "$35.24",
    "daily_capacity": 1
  },
  {
    "id": 35,
    "firstName": "Freemon",
    "lastName": "Ayre",
    "email": "fayrey@hugedomains.com",
    "typelds": [1, 2, 3],
    "skillsId": [203104, 964938, 160692, 855411, 139305, 727962],
    "hour_rate": "$10.17",
    "daily_capacity": 8
  },
  {
    "id": 36,
    "firstName": "Boot",
    "lastName": "Cargenven",
    "email": "bcargenvenz@surveymonkey.com",
    "typelds": [1, 2, 3],
    "skillsId": [841639, 313281, 565975, 615879, 3127, 312744],
    "hour_rate": "$29.97",
    "daily_capacity": 2
  },
  {
    "id": 37,
    "firstName": "Konstanze",
    "lastName": "Mallen",
    "email": "kmallen10@chicagotribune.com",
    "typelds": [2, 1, 2],
    "skillsId": [101681, 31658, 241661, 153464, 454837, 467124],
    "hour_rate": "$11.38",
    "daily_capacity": 5
  },
  {
    "id": 38,
    "firstName": "Aubrey",
    "lastName": "Matchell",
    "email": "amatchell11@admin.ch",
    "typelds": [1, 3, 1],
    "skillsId": [513240, 689684, 348262, 140399, 921163, 684702],
    "hour_rate": "$12.79",
    "daily_capacity": 7
  },
  {
    "id": 39,
    "firstName": "Dominique",
    "lastName": "Joyner",
    "email": "djoyner12@whitehouse.gov",
    "typelds": [1, 3, 2],
    "skillsId": [994241, 504511, 880608, 209867, 674899, 353668],
    "hour_rate": "$13.13",
    "daily_capacity": 3
  },
  {
    "id": 40,
    "firstName": "Abram",
    "lastName": "Hurn",
    "email": "ahurn13@shop-pro.jp",
    "typelds": [3, 2, 3],
    "skillsId": [325956, 949997, 790158, 782704, 385310, 161757],
    "hour_rate": "$28.15",
    "daily_capacity": 7
  },
  {
    "id": 41,
    "firstName": "Wilton",
    "lastName": "Deignan",
    "email": "wdeignan14@virginia.edu",
    "typelds": [3, 3, 1],
    "skillsId": [205957, 58883, 165546, 967378, 758175, 382225],
    "hour_rate": "$23.47",
    "daily_capacity": 3
  },
  {
    "id": 42,
    "firstName": "Nicola",
    "lastName": "Liptrod",
    "email": "nliptrod15@alexa.com",
    "typelds": [3, 1, 2],
    "skillsId": [881665, 185392, 417360, 423875, 456512, 419467],
    "hour_rate": "$30.05",
    "daily_capacity": 4
  },
  {
    "id": 43,
    "firstName": "Janel",
    "lastName": "Alesio",
    "email": "jalesio16@scientificamerican.com",
    "typelds": [1, 1, 2],
    "skillsId": [491503, 277138, 806421, 700927, 344876, 617602],
    "hour_rate": "$0.28",
    "daily_capacity": 2
  },
  {
    "id": 44,
    "firstName": "Brion",
    "lastName": "Creamen",
    "email": "bcreamen17@wisc.edu",
    "typelds": [1, 3, 2],
    "skillsId": [356981, 907141, 478382, 670109, 295099, 324366],
    "hour_rate": "$43.37",
    "daily_capacity": 7
  },
  {
    "id": 45,
    "firstName": "Miriam",
    "lastName": "McFadin",
    "email": "mmcfadin18@4shared.com",
    "typelds": [3, 2, 2],
    "skillsId": [116048, 743794, 427271, 100152, 521520, 730400],
    "hour_rate": "$29.78",
    "daily_capacity": 5
  },
  {
    "id": 46,
    "firstName": "Brittni",
    "lastName": "Isaq",
    "email": "bisaq19@berkeley.edu",
    "typelds": [2, 3, 2],
    "skillsId": [945430, 104325, 180667, 903009, 10072, 904804],
    "hour_rate": "$32.24",
    "daily_capacity": 6
  },
  {
    "id": 47,
    "firstName": "Zora",
    "lastName": "Haggart",
    "email": "zhaggart1a@pen.io",
    "typelds": [2, 3, 1],
    "skillsId": [348919, 693419, 423074, 713399, 352769, 283027],
    "hour_rate": "$33.32",
    "daily_capacity": 6
  },
  {
    "id": 48,
    "firstName": "Vanda",
    "lastName": "Tamplin",
    "email": "vtamplin1b@g.co",
    "typelds": [2, 3, 1],
    "skillsId": [422548, 466761, 476195, 55051, 796091, 660428],
    "hour_rate": "$24.08",
    "daily_capacity": 5
  },
  {
    "id": 49,
    "firstName": "Annabelle",
    "lastName": "Stonestreet",
    "email": "astonestreet1c@oakley.com",
    "typelds": [2, 2, 1],
    "skillsId": [735166, 594270, 434107, 544729, 100089, 438064],
    "hour_rate": "$24.26",
    "daily_capacity": 3
  },
  {
    "id": 50,
    "firstName": "Yankee",
    "lastName": "Elham",
    "email": "yelham1d@meetup.com",
    "typelds": [2, 2, 2],
    "skillsId": [5963, 558737, 672524, 4835, 340284, 761640],
    "hour_rate": "$20.23",
    "daily_capacity": 6
  },
  {
    "id": 51,
    "firstName": "Nicola",
    "lastName": "Dyment",
    "email": "ndyment1e@gizmodo.com",
    "typelds": [1, 2, 1],
    "skillsId": [707298, 893312, 235649, 565613, 436933, 47536],
    "hour_rate": "$18.43",
    "daily_capacity": 5
  },
  {
    "id": 52,
    "firstName": "Joelie",
    "lastName": "Quiddinton",
    "email": "jquiddinton1f@microsoft.com",
    "typelds": [1, 1, 3],
    "skillsId": [607547, 234812, 496416, 76990, 451290, 22944],
    "hour_rate": "$14.40",
    "daily_capacity": 3
  },
  {
    "id": 53,
    "firstName": "Crawford",
    "lastName": "Bremley",
    "email": "cbremley1g@va.gov",
    "typelds": [1, 2, 2],
    "skillsId": [925299, 502827, 646270, 382928, 268929, 577282],
    "hour_rate": "$32.87",
    "daily_capacity": 6
  },
  {
    "id": 54,
    "firstName": "Rafe",
    "lastName": "Evitts",
    "email": "revitts1h@unc.edu",
    "typelds": [3, 1, 3],
    "skillsId": [516863, 606499, 615993, 462873, 362270, 200305],
    "hour_rate": "$30.63",
    "daily_capacity": 7
  },
  {
    "id": 55,
    "firstName": "Binky",
    "lastName": "Guitonneau",
    "email": "bguitonneau1i@dyndns.org",
    "typelds": [2, 1, 1],
    "skillsId": [263408, 389995, 190779, 722723, 994906, 429539],
    "hour_rate": "$7.31",
    "daily_capacity": 1
  },
  {
    "id": 56,
    "firstName": "Antonietta",
    "lastName": "Atger",
    "email": "aatger1j@baidu.com",
    "typelds": [1, 3, 3],
    "skillsId": [848155, 354237, 901399, 511746, 419723, 578734],
    "hour_rate": "$12.22",
    "daily_capacity": 6
  },
  {
    "id": 57,
    "firstName": "Coralie",
    "lastName": "Gummary",
    "email": "cgummary1k@hibu.com",
    "typelds": [3, 2, 2],
    "skillsId": [283470, 971784, 906840, 357601, 526156, 872452],
    "hour_rate": "$49.38",
    "daily_capacity": 8
  },
  {
    "id": 58,
    "firstName": "Vivyan",
    "lastName": "Climo",
    "email": "vclimo1l@gnu.org",
    "typelds": [2, 2, 3],
    "skillsId": [483666, 822899, 765965, 715445, 543271, 651548],
    "hour_rate": "$42.26",
    "daily_capacity": 2
  },
  {
    "id": 59,
    "firstName": "Jeri",
    "lastName": "Newlands",
    "email": "jnewlands1m@godaddy.com",
    "typelds": [1, 2, 1],
    "skillsId": [326730, 191554, 739309, 708968, 156672, 724509],
    "hour_rate": "$22.09",
    "daily_capacity": 6
  },
  {
    "id": 60,
    "firstName": "Sondra",
    "lastName": "Hounson",
    "email": "shounson1n@seesaa.net",
    "typelds": [3, 3, 2],
    "skillsId": [302309, 976832, 302144, 349272, 7162, 508651],
    "hour_rate": "$9.95",
    "daily_capacity": 5
  },
  {
    "id": 61,
    "firstName": "Court",
    "lastName": "Soigne",
    "email": "csoigne1o@smugmug.com",
    "typelds": [2, 1, 2],
    "skillsId": [854800, 396196, 86527, 103117, 596787, 114829],
    "hour_rate": "$42.91",
    "daily_capacity": 1
  },
  {
    "id": 62,
    "firstName": "Donnie",
    "lastName": "Saladino",
    "email": "dsaladino1p@ibm.com",
    "typelds": [3, 1, 3],
    "skillsId": [958854, 415437, 685990, 988335, 179937, 235576],
    "hour_rate": "$17.75",
    "daily_capacity": 7
  },
  {
    "id": 63,
    "firstName": "Onida",
    "lastName": "Kealey",
    "email": "okealey1q@washington.edu",
    "typelds": [3, 3, 3],
    "skillsId": [883332, 863809, 530716, 223316, 452998, 428113],
    "hour_rate": "$35.21",
    "daily_capacity": 6
  },
  {
    "id": 64,
    "firstName": "Imogen",
    "lastName": "Witcherley",
    "email": "iwitcherley1r@who.int",
    "typelds": [3, 3, 1],
    "skillsId": [805118, 241924, 448027, 682864, 99877, 54787],
    "hour_rate": "$7.12",
    "daily_capacity": 8
  },
  {
    "id": 65,
    "firstName": "Raf",
    "lastName": "Edland",
    "email": "redland1s@woothemes.com",
    "typelds": [3, 3, 2],
    "skillsId": [755661, 245584, 983009, 376111, 309515, 712080],
    "hour_rate": "$47.82",
    "daily_capacity": 0
  },
  {
    "id": 66,
    "firstName": "Natalina",
    "lastName": "Hargreave",
    "email": "nhargreave1t@google.com.au",
    "typelds": [2, 2, 3],
    "skillsId": [763977, 417153, 628668, 108736, 416494, 705101],
    "hour_rate": "$26.07",
    "daily_capacity": 4
  },
  {
    "id": 67,
    "firstName": "Ramonda",
    "lastName": "Chessman",
    "email": "rchessman1u@yolasite.com",
    "typelds": [1, 2, 2],
    "skillsId": [563636, 926075, 137189, 768240, 703470, 558315],
    "hour_rate": "$28.53",
    "daily_capacity": 6
  },
  {
    "id": 68,
    "firstName": "Brok",
    "lastName": "Stode",
    "email": "bstode1v@who.int",
    "typelds": [3, 3, 2],
    "skillsId": [777055, 245260, 133329, 259407, 497543, 5188],
    "hour_rate": "$27.02",
    "daily_capacity": 0
  },
  {
    "id": 69,
    "firstName": "Kari",
    "lastName": "Millan",
    "email": "kmillan1w@php.net",
    "typelds": [2, 2, 2],
    "skillsId": [38716, 536796, 160120, 815142, 375184, 807944],
    "hour_rate": "$19.14",
    "daily_capacity": 6
  },
  {
    "id": 70,
    "firstName": "Blake",
    "lastName": "Griggs",
    "email": "bgriggs1x@ebay.co.uk",
    "typelds": [2, 2, 1],
    "skillsId": [49598, 670525, 773745, 825737, 168440, 538032],
    "hour_rate": "$35.88",
    "daily_capacity": 4
  },
  {
    "id": 71,
    "firstName": "Lydon",
    "lastName": "Scare",
    "email": "lscare1y@dot.gov",
    "typelds": [2, 2, 2],
    "skillsId": [776549, 544319, 211886, 25762, 453042, 191105],
    "hour_rate": "$25.83",
    "daily_capacity": 2
  },
  {
    "id": 72,
    "firstName": "Camala",
    "lastName": "Francais",
    "email": "cfrancais1z@linkedin.com",
    "typelds": [3, 2, 2],
    "skillsId": [127611, 420605, 15208, 314000, 309466, 285542],
    "hour_rate": "$45.42",
    "daily_capacity": 3
  },
  {
    "id": 73,
    "firstName": "Duff",
    "lastName": "Frawley",
    "email": "dfrawley20@sfgate.com",
    "typelds": [1, 2, 2],
    "skillsId": [547384, 817016, 104553, 385852, 633242, 342348],
    "hour_rate": "$0.95",
    "daily_capacity": 1
  },
  {
    "id": 74,
    "firstName": "Marylin",
    "lastName": "Allward",
    "email": "mallward21@xing.com",
    "typelds": [3, 2, 2],
    "skillsId": [617088, 479637, 323791, 48696, 890936, 247729],
    "hour_rate": "$41.19",
    "daily_capacity": 0
  },
  {
    "id": 75,
    "firstName": "Bettye",
    "lastName": "MacTague",
    "email": "bmactague22@de.vu",
    "typelds": [1, 3, 1],
    "skillsId": [912034, 230086, 882726, 621991, 854462, 415254],
    "hour_rate": "$23.80",
    "daily_capacity": 3
  },
  {
    "id": 76,
    "firstName": "Barri",
    "lastName": "Dales",
    "email": "bdales23@ocn.ne.jp",
    "typelds": [1, 3, 3],
    "skillsId": [179016, 823141, 48507, 976717, 831502, 690869],
    "hour_rate": "$31.03",
    "daily_capacity": 3
  },
  {
    "id": 77,
    "firstName": "Connor",
    "lastName": "Dooler",
    "email": "cdooler24@dion.ne.jp",
    "typelds": [1, 3, 2],
    "skillsId": [92839, 866315, 361953, 213, 942348, 722184],
    "hour_rate": "$23.08",
    "daily_capacity": 2
  },
  {
    "id": 78,
    "firstName": "Edeline",
    "lastName": "Clewett",
    "email": "eclewett25@stanford.edu",
    "typelds": [1, 2, 2],
    "skillsId": [157881, 473537, 323544, 941553, 375232, 946516],
    "hour_rate": "$8.20",
    "daily_capacity": 7
  },
  {
    "id": 79,
    "firstName": "Glenden",
    "lastName": "Gillingham",
    "email": "ggillingham26@typepad.com",
    "typelds": [2, 2, 1],
    "skillsId": [946377, 594316, 864109, 500135, 199913, 801631],
    "hour_rate": "$18.89",
    "daily_capacity": 8
  },
  {
    "id": 80,
    "firstName": "Christyna",
    "lastName": "Duignan",
    "email": "cduignan27@sun.com",
    "typelds": [3, 3, 3],
    "skillsId": [61876, 65311, 847384, 404842, 684654, 272428],
    "hour_rate": "$38.87",
    "daily_capacity": 4
  },
  {
    "id": 81,
    "firstName": "Mona",
    "lastName": "Syddon",
    "email": "msyddon28@nymag.com",
    "typelds": [1, 3, 2],
    "skillsId": [468450, 233703, 897315, 854325, 479796, 705640],
    "hour_rate": "$23.33",
    "daily_capacity": 0
  },
  {
    "id": 82,
    "firstName": "Niels",
    "lastName": "Ogger",
    "email": "nogger29@merriam-webster.com",
    "typelds": [3, 2, 1],
    "skillsId": [166406, 583411, 432358, 876814, 205455, 293046],
    "hour_rate": "$25.15",
    "daily_capacity": 2
  },
  {
    "id": 83,
    "firstName": "Curcio",
    "lastName": "Schettini",
    "email": "cschettini2a@addthis.com",
    "typelds": [1, 2, 3],
    "skillsId": [229245, 66679, 413611, 508022, 853756, 194329],
    "hour_rate": "$31.99",
    "daily_capacity": 6
  },
  {
    "id": 84,
    "firstName": "Alfredo",
    "lastName": "Henmarsh",
    "email": "ahenmarsh2b@geocities.jp",
    "typelds": [2, 3, 2],
    "skillsId": [886338, 420713, 528318, 309014, 157280, 834428],
    "hour_rate": "$26.94",
    "daily_capacity": 8
  },
  {
    "id": 85,
    "firstName": "Nathanial",
    "lastName": "Guilliland",
    "email": "nguilliland2c@weebly.com",
    "typelds": [3, 2, 1],
    "skillsId": [997015, 195987, 559864, 741240, 673578, 426590],
    "hour_rate": "$0.21",
    "daily_capacity": 1
  },
  {
    "id": 86,
    "firstName": "Bennie",
    "lastName": "Oxtiby",
    "email": "boxtiby2d@twitter.com",
    "typelds": [3, 1, 3],
    "skillsId": [699341, 499082, 784636, 724822, 998027, 325378],
    "hour_rate": "$11.61",
    "daily_capacity": 2
  },
  {
    "id": 87,
    "firstName": "Rosaline",
    "lastName": "Shacklady",
    "email": "rshacklady2e@illinois.edu",
    "typelds": [2, 1, 1],
    "skillsId": [831628, 251773, 238965, 231009, 779292, 380555],
    "hour_rate": "$12.74",
    "daily_capacity": 5
  },
  {
    "id": 88,
    "firstName": "Read",
    "lastName": "Ketchen",
    "email": "rketchen2f@walmart.com",
    "typelds": [3, 1, 1],
    "skillsId": [397736, 972308, 277883, 543553, 181902, 261645],
    "hour_rate": "$22.93",
    "daily_capacity": 4
  },
  {
    "id": 89,
    "firstName": "Pat",
    "lastName": "Pardie",
    "email": "ppardie2g@odnoklassniki.ru",
    "typelds": [2, 2, 1],
    "skillsId": [833385, 473116, 860045, 663647, 699659, 611614],
    "hour_rate": "$2.91",
    "daily_capacity": 2
  },
  {
    "id": 90,
    "firstName": "Denise",
    "lastName": "Instock",
    "email": "dinstock2h@tmall.com",
    "typelds": [1, 1, 1],
    "skillsId": [716290, 10975, 482080, 138095, 116811, 591305],
    "hour_rate": "$29.08",
    "daily_capacity": 5
  },
  {
    "id": 91,
    "firstName": "Kalindi",
    "lastName": "Perkin",
    "email": "kperkin2i@spotify.com",
    "typelds": [1, 2, 2],
    "skillsId": [733068, 419852, 518042, 919311, 748978, 371775],
    "hour_rate": "$49.01",
    "daily_capacity": 2
  },
  {
    "id": 92,
    "firstName": "Phoebe",
    "lastName": "Koomar",
    "email": "pkoomar2j@tiny.cc",
    "typelds": [1, 2, 2],
    "skillsId": [768342, 774433, 399100, 304582, 982938, 724287],
    "hour_rate": "$45.03",
    "daily_capacity": 7
  },
  {
    "id": 93,
    "firstName": "Datha",
    "lastName": "Webborn",
    "email": "dwebborn2k@shop-pro.jp",
    "typelds": [1, 2, 1],
    "skillsId": [426744, 371496, 192655, 651042, 344901, 326070],
    "hour_rate": "$18.27",
    "daily_capacity": 4
  },
  {
    "id": 94,
    "firstName": "Kaye",
    "lastName": "Vye",
    "email": "kvye2l@qq.com",
    "typelds": [3, 1, 2],
    "skillsId": [293516, 317548, 477646, 442808, 683504, 877206],
    "hour_rate": "$45.03",
    "daily_capacity": 0
  },
  {
    "id": 95,
    "firstName": "Leda",
    "lastName": "Poizer",
    "email": "lpoizer2m@nature.com",
    "typelds": [2, 2, 1],
    "skillsId": [397080, 507211, 507018, 739376, 535748, 850818],
    "hour_rate": "$9.02",
    "daily_capacity": 4
  },
  {
    "id": 96,
    "firstName": "Lorne",
    "lastName": "Bater",
    "email": "lbater2n@who.int",
    "typelds": [3, 1, 1],
    "skillsId": [258067, 674030, 363619, 895298, 82097, 295282],
    "hour_rate": "$43.72",
    "daily_capacity": 7
  },
  {
    "id": 97,
    "firstName": "Myer",
    "lastName": "Ommanney",
    "email": "mommanney2o@rediff.com",
    "typelds": [3, 2, 1],
    "skillsId": [387521, 363754, 856384, 700396, 166409, 987234],
    "hour_rate": "$29.41",
    "daily_capacity": 4
  },
  {
    "id": 98,
    "firstName": "Eadmund",
    "lastName": "Hardan",
    "email": "ehardan2p@nsw.gov.au",
    "typelds": [3, 1, 3],
    "skillsId": [686436, 759069, 660671, 143976, 811270, 714718],
    "hour_rate": "$2.31",
    "daily_capacity": 1
  },
  {
    "id": 99,
    "firstName": "Jude",
    "lastName": "Olenchikov",
    "email": "jolenchikov2q@sun.com",
    "typelds": [1, 1, 1],
    "skillsId": [27375, 571303, 570721, 798698, 745563, 183321],
    "hour_rate": "$40.60",
    "daily_capacity": 0
  },
  {
    "id": 100,
    "firstName": "Mikaela",
    "lastName": "Treverton",
    "email": "mtreverton2r@google.com",
    "typelds": [1, 2, 2],
    "skillsId": [988772, 385356, 52364, 901865, 450431, 253737],
    "hour_rate": "$12.32",
    "daily_capacity": 7
  }
]
