[{"id":1,"BusinessName":"Skimia","Phone":"215-925-4767","email":"ccranna0@gov.uk","Adress":"449 Burrows Crossing","BoilerId":1},
{"id":2,"BusinessName":"Jayo","Phone":"723-324-4303","email":"ffearnley1@ibm.com","Adress":"0 Bunting Point","BoilerId":2},
{"id":3,"BusinessName":"Wikizz","Phone":"436-181-1458","email":"odagwell2@ibm.com","Adress":"3 Declaration Alley","BoilerId":3},
{"id":4,"BusinessName":"Jaxbean","Phone":"486-869-8291","email":"dbeckey3@cocolog-nifty.com","Adress":"4 Armistice Drive","BoilerId":4},
{"id":5,"BusinessName":"Voonix","Phone":"144-407-9287","email":"rottawell4@archive.org","Adress":"3 Merrick Pass","BoilerId":5},
{"id":6,"BusinessName":"Ailane","Phone":"751-599-1677","email":"ywaterhouse5@latimes.com","Adress":"23 Lerdahl Parkway","BoilerId":6},
{"id":7,"BusinessName":"Kazu","Phone":"863-847-1490","email":"sjahnke6@psu.edu","Adress":"71442 Bobwhite Circle","BoilerId":7},
{"id":8,"BusinessName":"Photobug","Phone":"859-371-0711","email":"gdelepine7@usa.gov","Adress":"16204 Evergreen Point","BoilerId":8},
{"id":9,"BusinessName":"Skyba","Phone":"703-874-3476","email":"elyddyard8@bloomberg.com","Adress":"6 Sycamore Parkway","BoilerId":9},
{"id":10,"BusinessName":"Innojam","Phone":"752-164-0251","email":"fbaford9@japanpost.jp","Adress":"278 Mallory Lane","BoilerId":10},
{"id":11,"BusinessName":"Zoomlounge","Phone":"768-382-1771","email":"rsabinea@wsj.com","Adress":"2 Bartillon Lane","BoilerId":11},
{"id":12,"BusinessName":"Quatz","Phone":"793-937-1846","email":"leaglandb@instagram.com","Adress":"7476 Tennessee Place","BoilerId":12},
{"id":13,"BusinessName":"Tavu","Phone":"654-912-4903","email":"lcoytec@house.gov","Adress":"4 Doe Crossing Avenue","BoilerId":13},
{"id":14,"BusinessName":"Edgeblab","Phone":"606-113-1721","email":"fcaudwelld@tinyurl.com","Adress":"65 Roth Circle","BoilerId":14},
{"id":15,"BusinessName":"Trudoo","Phone":"172-420-3951","email":"mjessette@comsenz.com","Adress":"38 Anthes Park","BoilerId":15},
{"id":16,"BusinessName":"Twinder","Phone":"234-785-1357","email":"astonebanksf@boston.com","Adress":"84 Merry Alley","BoilerId":16},
{"id":17,"BusinessName":"Divape","Phone":"827-522-9657","email":"ascurrerg@feedburner.com","Adress":"243 Roxbury Crossing","BoilerId":17},
{"id":18,"BusinessName":"Yombu","Phone":"150-527-4806","email":"kaikenh@goodreads.com","Adress":"53 Dapin Crossing","BoilerId":18},
{"id":19,"BusinessName":"Voolith","Phone":"224-969-5342","email":"ltremmili@scientificamerican.com","Adress":"67603 Nova Place","BoilerId":19},
{"id":20,"BusinessName":"Voolith","Phone":"967-664-9077","email":"oshanklandj@hatena.ne.jp","Adress":"7 Cordelia Way","BoilerId":20}]